Unnamed: 0,url,inputUrl,username,postid,videoUrl,type,shortCode,caption,commentsCount,likesCount,videoViewCount,timestamp,videoDuration,isSponsored,date,fullName,Category,CountryAffil,Notes,biography,chefid,followersCount,followsCount,postsCount,minpost,Language,TranslatedText,postweek,lowercaption,lowertranslated,gaza,gaza2,israel,palestine,freepal,nhashtags,post_attack,israel2,palestine2,freepal2,anyhashtag,neg_sentiment,pos_sentiment,sentiment,isr_flag,pal_flag,emoji_pos,emoji_neg,anyemoji,share,hash_pol,hash_isr,hash_pal,hash_polfood,text_nstops,palwords,isrwords,w2vterms,hostageonly,genocideonly,political_bias
1,'https://www.instagram.com/p/C2wuPS8KhMh/,'https://www.instagram.com/hayadar.foodblog,hayadar.foodblog,3292334688876237824,https://scontent.cdninstagram.com/v/t66.30100-16/316225287_3666541853590221_5044971068282432351_n.mp4?_nc_ht=scontent.cdninstagram.com&_nc_cat=109&_nc_ohc=r643IyXWn4MAb6GdaEM&edm=APs17CUBAAAA&ccb=7-5&oh=00_AfCm1R1rWDBqsnQTchqyNg_6SKueGXOljUZZB7iEbr4_Kg&oe=6629CA0A&_nc_sid=10d13b,Video,C2wuPS8KhMh,עוד ועוד עזתים מרימים קול זעקה נגד מנהיגי החמאס שהובילו ומובילים אותם לאבדון️️️,8,112,2086.0,2024-01-31T10:30:51.000Z,24.008,False,2024-01-31,Haya Dar/יופי במטבח,Israeli,,Food blog,"Recipe Developer/Food Photographer/Food blogger/ pastry chef המטבח זה חיים, קונדיטורית, בשלנית מתכונאית, מצלמת",49497438,21174,2007,3019,2023-04-01,he,More and more Gazans are raising a cry against the leaders of Hamas who led and are leading them to destruction ️️️,2024-01-27,עוד ועוד עזתים מרימים קול זעקה נגד מנהיגי החמאס שהובילו ומובילים אותם לאבדון️️️,more and more gazans are raising a cry against the leaders of hamas who led and are leading them to destruction ️️️,False,True,False,False,False,0,1,False,False,False,0,2,2,0,0,0,0,0,0,0,0,0,0,0,gazans raising cry leaders hamas led leading destruction,True,True,1,1,0,Pro-Israel
2,'https://www.instagram.com/p/CvA7ijPAoIo/,'https://www.instagram.com/jakecohen?igsh=ejBuaW5qd3k4MXVk,jakecohen,3152781598198497792,https://scontent.cdninstagram.com/o1/v/t16/f1/m82/2043EE839820DACB1A0F1877D63DCA87_video_dashinit.mp4?efg=eyJxZV9ncm91cHMiOiJbXCJpZ193ZWJfZGVsaXZlcnlfdnRzX290ZlwiXSIsInZlbmNvZGVfdGFnIjoidnRzX3ZvZF91cmxnZW4uY2xpcHMuYzIuNzIwLmJhc2VsaW5lIn0&_nc_ht=scontent.cdninstagram.com&_nc_cat=101&vs=796839718571578_1838878869&_nc_vs=HBksFQIYT2lnX3hwdl9yZWVsc19wZXJtYW5lbnRfcHJvZC8yMDQzRUU4Mzk4MjBEQUNCMUEwRjE4NzdENjNEQ0E4N192aWRlb19kYXNoaW5pdC5tcDQVAALIAQAVAhg6cGFzc3Rocm91Z2hfZXZlcnN0b3JlL0dFRWlqUlduelk5TmtoUUdBR0swTVFVWWk2UVlicV9FQUFBRhUCAsgBACgAGAAbABUAACbYmPKgiZPpPxUCKAJDMywXQC3ul41P3zsYEmRhc2hfYmFzZWxpbmVfMV92MREAdf4HAA%3D%3D&_nc_rid=2213977cbb&ccb=9-4&oh=00_AfBJRQFlIQaKYPPevHE-BkQZG0_LCR7YhodAUid-JCKF2Q&oe=6628DBD0&_nc_sid=10d13b,Video,CvA7ijPAoIo,"COTTAGE CHEESE ORZO PASTINA!! Been a second since I’ve hit up Big Cottage so I’m bringing back this 15 minute recipe since my true passion in life is eating all my meals with a spoon!!!

CC Orzo Pastina 
1 cup full fat cottage cheese
1 cup finely grated parm
2 large eggs
Kosher salt and freshly ground black pepper 
1 pound dried orzo
4 cups vegetable or chicken stock

In a mini food processor or blend, combine the cottage cheese, parm, eggs, and a heavy pinch each of salt and pepper and purée until very smooth. 

In a medium pot, combine the orzo and stock over medium-high heat. Cook, stirring often, until all the liquid is absorbed and the pasta is al dente, 12-15 minutes. Remove from the heat and stir in the cottage cheese mixture. Taste and adjust the seasoning with salt and pepper, then serve. 

#pasta #cottagecheese #orzo",70,6878,144916.0,2023-07-22T21:21:26.000Z,14.966,False,2023-07-22,Jake Cohen,Israeli,,2x NYT Bestselling Author,"2x NYT Bestselling NJB in NYC
Challah, babka & more on @goldbelly‍",35005786,1047817,2765,4793,2023-04-02,en,"COTTAGE CHEESE ORZO PASTINA!! Been a second since I’ve hit up Big Cottage so I’m bringing back this 15 minute recipe since my true passion in life is eating all my meals with a spoon!!!

CC Orzo Pastina 
1 cup full fat cottage cheese
1 cup finely grated parm
2 large eggs
Kosher salt and freshly ground black pepper 
1 pound dried orzo
4 cups vegetable or chicken stock

In a mini food processor or blend, combine the cottage cheese, parm, eggs, and a heavy pinch each of salt and pepper and purée until very smooth. 

In a medium pot, combine the orzo and stock over medium-high heat. Cook, stirring often, until all the liquid is absorbed and the pasta is al dente, 12-15 minutes. Remove from the heat and stir in the cottage cheese mixture. Taste and adjust the seasoning with salt and pepper, then serve. 

#pasta #cottagecheese #orzo",2023-07-22,"cottage cheese orzo pastina!! been a second since i’ve hit up big cottage so i’m bringing back this 15 minute recipe since my true passion in life is eating all my meals with a spoon!!!

cc orzo pastina 
1 cup full fat cottage cheese
1 cup finely grated parm
2 large eggs
kosher salt and freshly ground black pepper 
1 pound dried orzo
4 cups vegetable or chicken stock

in a mini food processor or blend, combine the cottage cheese, parm, eggs, and a heavy pinch each of salt and pepper and purée until very smooth. 

in a medium pot, combine the orzo and stock over medium-high heat. cook, stirring often, until all the liquid is absorbed and the pasta is al dente, 12-15 minutes. remove from the heat and stir in the cottage cheese mixture. taste and adjust the seasoning with salt and pepper, then serve. 

#pasta #cottagecheese #orzo","cottage cheese orzo pastina!! been a second since i’ve hit up big cottage so i’m bringing back this 15 minute recipe since my true passion in life is eating all my meals with a spoon!!!

cc orzo pastina 
1 cup full fat cottage cheese
1 cup finely grated parm
2 large eggs
kosher salt and freshly ground black pepper 
1 pound dried orzo
4 cups vegetable or chicken stock

in a mini food processor or blend, combine the cottage cheese, parm, eggs, and a heavy pinch each of salt and pepper and purée until very smooth. 

in a medium pot, combine the orzo and stock over medium-high heat. cook, stirring often, until all the liquid is absorbed and the pasta is al dente, 12-15 minutes. remove from the heat and stir in the cottage cheese mixture. taste and adjust the seasoning with salt and pepper, then serve. 

#pasta #cottagecheese #orzo",False,False,False,False,False,3,0,False,False,False,1,2,3,1,0,0,0,0,0,0,0,0,0,0,cottage cheese orzo pastina second since i've hit big cottage i'm bringing back 15 minute recipe since true passion life eating meals spoon cc orzo pastina 1 cup full fat cottage cheese 1 cup finely grated parm 2 large eggs kosher salt freshly ground black pepper 1 pound dried orzo 4 cups vegetable chicken stock mini food processor blend combine cottage cheese parm eggs heavy pinch salt pepper puree smooth medium pot combine orzo stock medium-high heat cook stirring often liquid absorbed pasta al dente 12-15 minutes remove heat stir cottage cheese mixture taste adjust seasoning salt pepper serve pasta cottagecheese orzo,False,False,0,0,0,Neutral
3,'https://www.instagram.com/p/Ct0t32YuGIi/,'https://www.instagram.com/anna_s_table?igsh=MXA0am1oOXhhc3RkMg%3D%3D,anna_s_table,3131329390990352896,https://scontent.cdninstagram.com/o1/v/t16/f1/m82/90449923843799C226EEECA59CD3F293_video_dashinit.mp4?efg=eyJxZV9ncm91cHMiOiJbXCJpZ193ZWJfZGVsaXZlcnlfdnRzX290ZlwiXSIsInZlbmNvZGVfdGFnIjoidnRzX3ZvZF91cmxnZW4uY2xpcHMuYzIuNzIwLmJhc2VsaW5lIn0&_nc_ht=scontent.cdninstagram.com&_nc_cat=104&vs=217445874532879_724681883&_nc_vs=HBksFQIYT2lnX3hwdl9yZWVsc19wZXJtYW5lbnRfcHJvZC85MDQ0OTkyMzg0Mzc5OUMyMjZFRUVDQTU5Q0QzRjI5M192aWRlb19kYXNoaW5pdC5tcDQVAALIAQAVAhg6cGFzc3Rocm91Z2hfZXZlcnN0b3JlL0dDS2xOeFZtd3h3VS1wb0RBTzVRRmw4bnkteDdicV9FQUFBRhUCAsgBACgAGAAbABUAACbyjcz37MnMQBUCKAJDMywXQCnul41P3zsYEmRhc2hfYmFzZWxpbmVfMV92MREAdf4HAA%3D%3D&_nc_rid=b5825468ad&ccb=9-4&oh=00_AfDCF6FRrQUz1WBZvFpcPr0ovd0CItk6tWxu2A_PSTKFuw&oe=6628C1B6&_nc_sid=10d13b,Video,Ct0t32YuGIi,"Pesto ravioli with pancetta and peas. This quick and easy dinner is what happens when you bring together everyday pantry goodies with a touch of indulgence, and let your favorite ravioli take the lead. Accompanied by flavors of vibrant frozen peas, savory pancetta and fragrant pesto. In just 20 minutes, you can whip up a dinner that’s both convenient and utterly delicious. Recipe linked in my bio. 

Follow @anna_s_table for more recipes

✔️RECIPE + FULL COOKING VIDEO on my blog

Can’t find the link? Simply GOOGLE ‘serving dumplings pesto ravioli with peas and pancetta’ it should be the top result 

https://www.servingdumplings.com/recipes/pesto-ravioli-with-pancetta-and-peas/

#ravioli #quickmeals #simplerecipes #f52community #mealprep #easymeals #quickdinner #dinner",23,1901,22428.0,2023-06-23T06:59:50.000Z,12.966,False,2023-06-23,Anna Chwistek,General,American,Food influencer,"Delicious Easy Recipes 
BLOG: servingdumplings.com 
‘19 Saveur Winner Most Inspired Weeknight Dinners
GET THE RECIPES HERE ↓↓",462047547,307730,352,2087,2023-04-01,en,"Pesto ravioli with pancetta and peas. This quick and easy dinner is what happens when you bring together everyday pantry goodies with a touch of indulgence, and let your favorite ravioli take the lead. Accompanied by flavors of vibrant frozen peas, savory pancetta and fragrant pesto. In just 20 minutes, you can whip up a dinner that’s both convenient and utterly delicious. Recipe linked in my bio. 

Follow  for more recipes

✔️RECIPE + FULL COOKING VIDEO on my blog

Can’t find the link? Simply GOOGLE ‘serving dumplings pesto ravioli with peas and pancetta’ it should be the top result 

https://www.servingdumplings.com/recipes/pesto-ravioli-with-pancetta-and-peas/

#ravioli #quickmeals #simplerecipes #f52community #mealprep #easymeals #quickdinner #dinner",2023-06-17,"pesto ravioli with pancetta and peas. this quick and easy dinner is what happens when you bring together everyday pantry goodies with a touch of indulgence, and let your favorite ravioli take the lead. accompanied by flavors of vibrant frozen peas, savory pancetta and fragrant pesto. in just 20 minutes, you can whip up a dinner that’s both convenient and utterly delicious. recipe linked in my bio. 

follow @anna_s_table for more recipes

✔️recipe + full cooking video on my blog

can’t find the link? simply google ‘serving dumplings pesto ravioli with peas and pancetta’ it should be the top result 

https://www.servingdumplings.com/recipes/pesto-ravioli-with-pancetta-and-peas/

#ravioli #quickmeals #simplerecipes #f52community #mealprep #easymeals #quickdinner #dinner","pesto ravioli with pancetta and peas. this quick and easy dinner is what happens when you bring together everyday pantry goodies with a touch of indulgence, and let your favorite ravioli take the lead. accompanied by flavors of vibrant frozen peas, savory pancetta and fragrant pesto. in just 20 minutes, you can whip up a dinner that’s both convenient and utterly delicious. recipe linked in my bio. 

follow  for more recipes

✔️recipe + full cooking video on my blog

can’t find the link? simply google ‘serving dumplings pesto ravioli with peas and pancetta’ it should be the top result 

https://www.servingdumplings.com/recipes/pesto-ravioli-with-pancetta-and-peas/

#ravioli #quickmeals #simplerecipes #f52community #mealprep #easymeals #quickdinner #dinner",False,False,False,False,False,8,0,False,False,False,1,2,9,7,0,0,0,0,1,1,0,0,0,0,pesto ravioli pancetta peas quick easy dinner happens bring together everyday pantry goodies touch indulgence let favorite ravioli take lead accompanied flavors vibrant frozen peas savory pancetta fragrant pesto just 20 minutes can whip dinner that's convenient utterly delicious recipe linked bio follow recipes ✔️ recipe full cooking video blog can't find link simply google serving dumplings pesto ravioli peas pancetta top result ravioli quickmeals simplerecipes f52community mealprep easymeals quickdinner dinner,False,False,0,0,0,Neutral
4,'https://www.instagram.com/p/CxqBo9boUU1/,'https://www.instagram.com/cuisinedereine?igsh=MXF6dWF1NTRsZDh2Yw%3D%3D,cuisinedereine,3200377697987545088,,Image,CxqBo9boUU1,"عصيدة زڨوڨو 
#cuisinedereine #assida #assidetzgougou #zgougou #زقوقو #زڨوڨو #عصيدة_زقوقو #عصيدة_زڨوڨو #عصيدة #المطبخ_التونسي #تونس #المولد_النبوي_الشريف #المولد #المولدالنبوي #المطبخ_الجزائري #الجزائر #تحلية #dessert #food #tunisianfood #benna #tunisiankitchen #tunisia #cuisinetunisienne #foodphotography #foodstagram #foodblogger #delicious #foodoftheday  #حلويات 
Mar 14:26",40,419,,2023-09-26T13:26:13.000Z,,False,2023-09-26,Cuisine De Reine,MENA,Tunisia,Food influencer,"Love cooking
Tunisia 
Food 
Tunisian kitchen",29079788984,56034,5725,1371,2023-04-01,so,"Zugu porridge 
#cuisinedereine #assida #assidetzgougou #zgougou #Zquogu in #tunisia #cuisinetunisienne #foodphotography #foodstagram #foodblogger #delicious #foodoftheday #sweets 
Mar 14:26",2023-09-23,"عصيدة زڨوڨو 
#cuisinedereine #assida #assidetzgougou #zgougou #زقوقو #زڨوڨو #عصيدة_زقوقو #عصيدة_زڨوڨو #عصيدة #المطبخ_التونسي #تونس #المولد_النبوي_الشريف #المولد #المولدالنبوي #المطبخ_الجزائري #الجزائر #تحلية #dessert #food #tunisianfood #benna #tunisiankitchen #tunisia #cuisinetunisienne #foodphotography #foodstagram #foodblogger #delicious #foodoftheday  #حلويات 
mar 14:26","zugu porridge 
#cuisinedereine #assida #assidetzgougou #zgougou #zquogu in #tunisia #cuisinetunisienne #foodphotography #foodstagram #foodblogger #delicious #foodoftheday #sweets 
mar 14:26",False,False,False,False,False,30,0,False,False,False,1,1,1,0,0,0,0,0,0,0,0,0,0,0,zugu porridge cuisinedereine assida assidetzgougou zgougou zquogu tunisia cuisinetunisienne foodphotography foodstagram foodblogger delicious foodoftheday sweets mar 14 26,False,False,0,0,0,Neutral
5,'https://www.instagram.com/p/CwBLqfgIwXC/,'https://www.instagram.com/sivan_haimov?igsh=czg2dGx4ZXVscW4%3D,sivan_haimov,3170866911200348160,https://scontent.cdninstagram.com/o1/v/t16/f1/m82/744880C2E3D8C10FFEABAA17B12CD2BD_video_dashinit.mp4?efg=eyJxZV9ncm91cHMiOiJbXCJpZ193ZWJfZGVsaXZlcnlfdnRzX290ZlwiXSIsInZlbmNvZGVfdGFnIjoidnRzX3ZvZF91cmxnZW4uY2xpcHMuYzIuNzIwLmJhc2VsaW5lIn0&_nc_ht=scontent.cdninstagram.com&_nc_cat=105&vs=1347589839177473_1268826825&_nc_vs=HBksFQIYT2lnX3hwdl9yZWVsc19wZXJtYW5lbnRfcHJvZC83NDQ4ODBDMkUzRDhDMTBGRkVBQkFBMTdCMTJDRDJCRF92aWRlb19kYXNoaW5pdC5tcDQVAALIAQAVAhg6cGFzc3Rocm91Z2hfZXZlcnN0b3JlL0dBdGwwQlhEdWgyUXpPa0FBTWF3Nl91dGdzMGFicV9FQUFBRhUCAsgBACgAGAAbABUAACa8weXq9p6cQBUCKAJDMywXQCJU%2FfO2RaIYEmRhc2hfYmFzZWxpbmVfMV92MREAdf4HAA%3D%3D&_nc_rid=e31191407b&ccb=9-4&oh=00_AfB5pBvBn1RTl2k2Vq8sU4hd8kHTgAQxqwSaNZQuXav0aA&oe=6628CA25&_nc_sid=10d13b,Video,CwBLqfgIwXC,סגולות לחודש אלול בחסדי ה׳ יתברך שתפו לזיכוי הרבים #סגולה #סגולות #סליחות #ירושלים #תודה #תודהלהשם #תודהלאל #instagram #foryou #blogger #blog #חודשאלול #זיכויהרבים #ראשהשנה #roshhashana,0,25,485.0,2023-08-16T20:17:22.000Z,9.166,False,2023-08-16,Food bloger || Sivan haimov,Israeli,,Food blogger,"בלוג אוכל  אהבה לבישול ביתי ❤️                                ברוכים הבאים למטבח שלי , לפניות ושת״פ מוזמנים לפנות בפרטי",54444820,6687,707,272,2023-04-02,he,"Virtues for the month of Elul, by the grace of God, may God bless you, share for the sake of many.",2023-08-12,סגולות לחודש אלול בחסדי ה׳ יתברך שתפו לזיכוי הרבים #סגולה #סגולות #סליחות #ירושלים #תודה #תודהלהשם #תודהלאל #instagram #foryou #blogger #blog #חודשאלול #זיכויהרבים #ראשהשנה #roshhashana,"virtues for the month of elul, by the grace of god, may god bless you, share for the sake of many.",False,False,False,False,False,15,0,False,False,False,1,0,2,2,0,0,0,0,0,0,0,0,0,0,virtues month elul grace god may god bless share sake many,False,False,0,0,0,Neutral
